anno;contribuenti_dichiaranti;popolazione_residente;percentuale_popolazione_dichiarante;ammontare_imponibile_totale_euro;reddito_medio_per_dichiarante_euro;reddito_medio_pro_capite_residente_euro
2001;6021;7521;80.1;41625429;6913;5535
2001;6021;7521;80.1;41625429;6913;5535
2002;5616;7425;75.6;43910913;7819;5914
2002;5616;7425;75.6;43910913;7819;5914
2003;5632;7306;77.1;45260515;8036;6195
2003;5632;7306;77.1;45260515;8036;6195
2004;5627;7235;77.8;47540337;8449;6571
2004;5627;7235;77.8;47540337;8449;6571
2005;5705;7114;80.2;49833875;8735;7005
2005;5705;7114;80.2;49833875;8735;7005
2006;5499;7061;77.9;51191389;9309;7250
2006;5499;7061;77.9;51191389;9309;7250
2007;5480;6984;78.5;53527561;9768;7664
2007;5480;6984;78.5;53527561;9768;7664
2008;5450;6924;78.7;54292545;9962;7841
2008;5450;6924;78.7;54292545;9962;7841
2009;5373;6872;78.2;55357259;10303;8055
2009;5373;6872;78.2;55357259;10303;8055
2010;5126;6785;75.5;53638072;10464;7905
2010;5126;6785;75.5;53638072;10464;7905
2011;4983;6716;74.2;53075370;10651;7903
2011;4983;6716;74.2;53075370;10651;7903
2012;4943;6598;74.9;52050102;10530;7889
2012;4943;6598;74.9;52050102;10530;7889
2013;4846;6557;73.9;52890897;10914;8066
2013;4846;6557;73.9;52890897;10914;8066
2014;4782;6490;73.7;52887221;11060;8149
2014;4782;6490;73.7;52887221;11060;8149
2015;4737;6435;73.6;53960515;11391;8385
2015;4737;6435;73.6;53960515;11391;8385
2016;4655;6318;73.7;53466890;11486;8463
2016;4655;6318;73.7;53466890;11486;8463
